id_maquina,nome,data_medicao,cpu_frequencia,cpu_porcentagem,cpu_temperatura,disco_livre,disco_porcentagem,ram_livre,ram_porcentagem
00:15:5d:30:7f:82,desktop2,2021-12-01 21:23:32,42.0,54.66,0.0,67.79,71.42,7.13,55.02
00:15:5d:30:7f:82,desktop2,2021-12-01 21:23:38,65.0,43.7,0.0,67.79,71.42,7.11,55.02
00:15:5d:30:7f:82,desktop2,2021-12-01 21:23:43,66.0,35.99,0.0,67.79,71.42,7.12,54.96
00:15:5d:30:7f:82,desktop2,2021-12-01 21:23:48,90.0,43.64,0.0,67.79,71.42,7.11,55.09
00:15:5d:30:7f:82,desktop2,2021-12-01 21:24:17,42.0,34.51,0.0,67.79,71.42,7.11,55.09
00:15:5d:30:7f:82,desktop2,2021-12-01 21:24:22,42.0,38.61,0.0,67.79,71.42,7.11,55.09
00:15:5d:30:7f:82,desktop2,2021-12-01 21:24:28,66.0,46.27,0.0,67.78,71.43,7.11,55.09
00:15:5d:30:7f:82,desktop2,2021-12-01 21:24:33,66.0,41.68,0.0,67.78,71.43,7.22,54.33
00:15:5d:30:7f:82,desktop2,2021-12-01 21:25:01,66.0,33.9,0.0,67.78,71.43,7.42,53.06
00:15:5d:30:7f:82,desktop2,2021-12-01 21:25:07,90.0,42.35,0.0,67.78,71.43,7.42,53.13
00:15:5d:30:7f:82,desktop2,2021-12-01 21:25:12,42.0,39.52,0.0,67.78,71.43,7.4,53.25
00:15:5d:30:7f:82,desktop2,2021-12-01 21:25:17,42.0,56.93,0.0,67.78,71.43,7.22,54.39
00:15:5d:30:7f:82,desktop2,2021-12-01 21:25:45,90.0,78.44,0.0,67.78,71.43,7.49,52.62
00:15:5d:30:7f:82,desktop2,2021-12-01 21:25:51,90.0,53.35,0.0,67.78,71.43,7.57,52.18
00:15:5d:30:7f:82,desktop2,2021-12-01 21:25:56,69.0,66.41,0.0,67.78,71.43,7.56,52.24
00:15:5d:30:7f:82,desktop2,2021-12-01 21:26:01,51.0,67.91,0.0,67.78,71.43,7.54,52.37
00:15:5d:30:7f:82,desktop2,2021-12-01 21:26:29,66.0,55.68,0.0,67.77,71.43,7.53,52.43
00:15:5d:30:7f:82,desktop2,2021-12-01 21:26:35,90.0,54.34,0.0,67.77,71.43,7.52,52.5
00:15:5d:30:7f:82,desktop2,2021-12-01 21:26:40,76.0,71.21,0.0,67.77,71.43,7.53,52.43
00:15:5d:30:7f:82,desktop2,2021-12-01 21:26:45,42.0,49.99,0.0,67.77,71.43,7.54,52.37
00:15:5d:30:7f:82,desktop2,2021-12-01 21:27:14,66.0,60.84,0.0,67.77,71.43,7.49,52.62
00:15:5d:30:7f:82,desktop2,2021-12-01 21:27:19,42.0,65.86,0.0,67.77,71.43,7.48,52.68
00:15:5d:30:7f:82,desktop2,2021-12-01 21:27:24,67.0,54.57,0.0,67.77,71.43,7.49,52.68
00:15:5d:30:7f:82,desktop2,2021-12-01 21:27:30,66.0,50.97,0.0,67.77,71.43,7.49,52.68
00:15:5d:30:7f:82,desktop2,2021-12-01 21:27:59,90.0,57.3,0.0,67.78,71.43,7.35,53.57
00:15:5d:30:7f:82,desktop2,2021-12-01 21:28:04,90.0,65.68,0.0,67.77,71.43,7.33,53.7
00:15:5d:30:7f:82,desktop2,2021-12-01 21:28:09,90.0,81.83,0.0,67.78,71.43,7.39,53.25
00:15:5d:30:7f:82,desktop2,2021-12-01 21:28:15,90.0,95.66,0.0,67.77,71.43,7.3,53.82
00:15:5d:30:7f:82,desktop2,2021-12-01 21:28:43,71.0,67.23,0.0,67.77,71.43,7.29,54.07
00:15:5d:30:7f:82,desktop2,2021-12-01 21:28:49,65.0,68.74,0.0,67.77,71.43,7.26,54.14
00:15:5d:30:7f:82,desktop2,2021-12-01 21:28:54,66.0,57.94,0.0,67.77,71.43,7.24,54.26
00:15:5d:30:7f:82,desktop2,2021-12-01 21:28:59,90.0,81.84,0.0,67.77,71.43,7.25,54.2
00:15:5d:30:7f:82,desktop2,2021-12-01 21:29:28,66.0,72.72,0.0,67.77,71.43,7.28,54.01
00:15:5d:30:7f:82,desktop2,2021-12-01 21:29:33,90.0,63.82,0.0,67.77,71.43,7.22,54.39
00:15:5d:30:7f:82,desktop2,2021-12-01 21:29:39,65.0,56.78,0.0,67.77,71.43,7.26,54.14
00:15:5d:30:7f:82,desktop2,2021-12-01 21:29:44,66.0,56.93,0.0,67.77,71.43,7.21,54.45
00:15:5d:30:7f:82,desktop2,2021-12-01 21:30:13,90.0,78.04,0.0,67.77,71.43,7.28,54.01
00:15:5d:30:7f:82,desktop2,2021-12-01 21:30:18,90.0,79.23,0.0,67.77,71.43,7.24,54.2
00:15:5d:30:7f:82,desktop2,2021-12-01 21:30:24,90.0,77.65,0.0,67.76,71.44,7.25,54.14
00:15:5d:30:7f:82,desktop2,2021-12-01 21:30:29,67.0,75.35,0.0,67.77,71.43,7.28,54.01
00:15:5d:30:7f:82,desktop2,2021-12-01 21:30:58,90.0,100.0,0.0,67.76,71.44,7.2,54.52
00:15:5d:30:7f:82,desktop2,2021-12-01 21:31:04,75.0,69.9,0.0,67.76,71.44,7.2,54.52
00:15:5d:30:7f:82,desktop2,2021-12-01 21:31:09,90.0,73.31,0.0,67.76,71.44,7.24,54.26
00:15:5d:30:7f:82,desktop2,2021-12-01 21:31:15,90.0,50.87,0.0,67.77,71.43,7.27,54.07
00:15:5d:30:7f:82,desktop2,2021-12-01 21:31:43,90.0,92.31,0.0,67.77,71.43,7.33,53.7
00:15:5d:30:7f:82,desktop2,2021-12-01 21:31:48,90.0,91.6,0.0,67.77,71.43,7.29,53.95
00:15:5d:30:7f:82,desktop2,2021-12-01 21:31:54,66.0,96.0,0.0,67.77,71.43,7.3,53.89
00:15:5d:30:7f:82,desktop2,2021-12-01 21:32:00,66.0,65.23,0.0,67.77,71.43,7.28,54.01
00:15:5d:30:7f:82,desktop2,2021-12-01 21:32:28,66.0,48.32,0.0,67.76,71.44,7.28,53.95
00:15:5d:30:7f:82,desktop2,2021-12-01 21:32:33,66.0,44.7,0.0,67.76,71.44,7.28,54.01
00:15:5d:30:7f:82,desktop2,2021-12-01 21:32:39,58.0,42.73,0.0,67.76,71.44,7.28,54.01
00:15:5d:30:7f:82,desktop2,2021-12-01 21:32:45,65.0,41.19,0.0,67.76,71.44,7.28,54.01
00:15:5d:30:7f:82,desktop2,2021-12-01 21:33:14,66.0,41.89,0.0,67.76,71.44,7.28,54.01
00:15:5d:30:7f:82,desktop2,2021-12-01 21:33:19,65.0,57.59,0.0,67.76,71.44,7.29,53.95
00:15:5d:30:7f:82,desktop2,2021-12-01 21:33:25,52.0,54.42,0.0,67.76,71.44,7.29,53.95
00:15:5d:30:7f:82,desktop2,2021-12-01 21:33:31,90.0,49.04,0.0,67.76,71.44,7.2,54.52
00:15:5d:30:7f:82,desktop2,2021-12-01 21:33:59,42.0,52.93,0.0,67.76,71.44,7.02,55.65
00:15:5d:30:7f:82,desktop2,2021-12-01 21:34:04,90.0,61.93,0.0,67.75,71.44,6.94,56.16
00:15:5d:30:7f:82,desktop2,2021-12-01 21:34:10,42.0,39.0,0.0,67.75,71.44,6.99,55.84
00:15:5d:30:7f:82,desktop2,2021-12-01 21:34:15,61.0,52.06,0.0,67.75,71.44,7.01,55.65
00:15:5d:30:7f:82,desktop2,2021-12-01 21:34:45,90.0,60.63,0.0,67.75,71.44,6.91,56.35
00:15:5d:30:7f:82,desktop2,2021-12-01 21:34:50,90.0,87.1,0.0,67.75,71.44,6.92,56.29
00:15:5d:30:7f:82,desktop2,2021-12-01 21:34:56,66.0,82.31,0.0,67.75,71.44,7.17,54.71
00:15:5d:30:7f:82,desktop2,2021-12-01 21:35:01,90.0,90.53,0.0,67.75,71.44,7.1,55.15
00:15:5d:30:7f:82,desktop2,2021-12-01 21:35:29,90.0,46.89,0.0,67.75,71.44,7.03,55.53
00:15:5d:30:7f:82,desktop2,2021-12-01 21:35:34,90.0,73.47,0.0,67.75,71.44,7.1,55.09
00:15:5d:30:7f:82,desktop2,2021-12-01 21:35:39,90.0,81.06,0.0,67.75,71.44,7.09,55.21
00:15:5d:30:7f:82,desktop2,2021-12-01 21:35:45,90.0,71.16,0.0,67.75,71.44,6.97,55.91
00:15:5d:30:7f:82,desktop2,2021-12-01 21:36:13,90.0,75.0,0.0,67.75,71.44,6.99,55.78
00:15:5d:30:7f:82,desktop2,2021-12-01 21:36:19,90.0,72.32,0.0,67.75,71.44,6.96,56.1
00:15:5d:30:7f:82,desktop2,2021-12-01 21:36:24,79.0,58.71,0.0,67.75,71.44,6.87,56.6
00:15:5d:30:7f:82,desktop2,2021-12-01 21:36:30,65.0,43.75,0.0,67.75,71.44,6.85,56.66
00:15:5d:30:7f:82,desktop2,2021-12-01 21:36:59,38.0,48.85,0.0,67.75,71.44,7.08,55.27
00:15:5d:30:7f:82,desktop2,2021-12-01 21:37:04,73.0,64.55,0.0,67.76,71.44,6.98,55.91
00:15:5d:30:7f:82,desktop2,2021-12-01 21:37:10,90.0,55.38,0.0,67.76,71.44,6.96,56.03
00:15:5d:30:7f:82,desktop2,2021-12-01 21:37:15,90.0,99.06,0.0,67.76,71.44,7.06,55.4
00:15:5d:30:7f:82,desktop2,2021-12-01 21:37:44,58.0,45.07,0.0,67.76,71.44,7.02,55.65
00:15:5d:30:7f:82,desktop2,2021-12-01 21:37:49,71.0,71.35,0.0,67.76,71.44,7.0,55.78
00:15:5d:30:7f:82,desktop2,2021-12-01 21:37:54,90.0,91.48,0.0,67.76,71.44,6.97,55.97
00:15:5d:30:7f:82,desktop2,2021-12-01 21:38:00,90.0,81.71,0.0,67.76,71.44,6.85,56.66
00:15:5d:30:7f:82,desktop2,2021-12-01 21:38:28,85.0,61.53,0.0,67.76,71.44,6.85,56.73
00:15:5d:30:7f:82,desktop2,2021-12-01 21:38:34,65.0,64.19,0.0,67.76,71.44,6.78,57.11
00:15:5d:30:7f:82,desktop2,2021-12-01 21:38:39,90.0,62.68,0.0,67.76,71.44,7.19,54.58
00:15:5d:30:7f:82,desktop2,2021-12-01 21:38:45,90.0,63.27,0.0,67.76,71.44,7.12,55.02
00:15:5d:30:7f:82,desktop2,2021-12-01 21:39:13,90.0,94.77,0.0,67.76,71.44,7.1,55.15
00:15:5d:30:7f:82,desktop2,2021-12-01 21:39:18,90.0,66.29,0.0,67.75,71.44,6.94,56.16
00:15:5d:30:7f:82,desktop2,2021-12-01 21:39:23,90.0,96.58,0.0,67.75,71.44,6.95,56.1
00:15:5d:30:7f:82,desktop2,2021-12-01 21:39:29,76.0,60.47,0.0,67.75,71.44,6.98,55.91
00:15:5d:30:7f:82,desktop2,2021-12-01 21:39:58,90.0,71.95,0.0,67.75,71.44,7.11,55.02
00:15:5d:30:7f:82,desktop2,2021-12-01 21:40:03,90.0,78.67,0.0,67.75,71.44,7.11,55.09
00:15:5d:30:7f:82,desktop2,2021-12-01 21:40:08,90.0,86.35,0.0,67.75,71.44,7.09,55.21
00:15:5d:30:7f:82,desktop2,2021-12-01 21:40:14,90.0,77.07,0.0,67.75,71.44,7.09,55.15
00:15:5d:30:7f:82,desktop2,2021-12-01 21:40:42,42.0,30.17,0.0,67.75,71.44,7.18,54.64
00:15:5d:30:7f:82,desktop2,2021-12-01 21:40:48,46.0,30.04,0.0,67.75,71.44,7.23,54.26
00:15:5d:30:7f:82,desktop2,2021-12-01 21:40:53,63.0,44.85,0.0,67.75,71.44,7.28,53.95
00:15:5d:30:7f:82,desktop2,2021-12-01 21:40:59,42.0,51.46,0.0,67.75,71.44,7.32,53.7
00:15:5d:30:7f:82,desktop2,2021-12-01 21:41:28,66.0,43.62,0.0,67.75,71.44,7.53,52.43
00:15:5d:30:7f:82,desktop2,2021-12-01 21:41:33,90.0,76.29,0.0,67.75,71.44,7.59,52.05
00:15:5d:30:7f:82,desktop2,2021-12-01 21:41:38,66.0,41.49,0.0,67.75,71.44,7.58,52.05
00:15:5d:30:7f:82,desktop2,2021-12-01 21:41:44,90.0,59.6,0.0,67.75,71.44,7.58,52.12
00:15:5d:30:7f:82,desktop2,2021-12-01 21:42:12,46.0,28.18,0.0,67.75,71.44,7.65,51.67
00:15:5d:30:7f:82,desktop2,2021-12-01 21:42:17,47.0,28.55,0.0,67.75,71.44,7.67,51.55
00:15:5d:30:7f:82,desktop2,2021-12-01 21:42:23,42.0,27.8,0.0,67.75,71.44,7.67,51.48
00:15:5d:30:7f:82,desktop2,2021-12-01 21:42:28,42.0,31.86,0.0,67.75,71.44,7.67,51.48
00:15:5d:30:7f:82,desktop2,2021-12-01 21:42:57,38.0,25.74,0.0,67.75,71.44,7.66,51.55
00:15:5d:30:7f:82,desktop2,2021-12-01 21:43:02,42.0,40.3,0.0,67.76,71.44,7.64,51.67
00:15:5d:30:7f:82,desktop2,2021-12-01 21:43:08,70.0,29.94,0.0,67.76,71.44,7.65,51.67
00:15:5d:30:7f:82,desktop2,2021-12-01 21:43:13,38.0,26.53,0.0,67.76,71.44,7.67,51.55
00:15:5d:30:7f:82,desktop2,2021-12-01 21:43:42,51.0,62.5,0.0,67.76,71.44,7.6,51.99
00:15:5d:30:7f:82,desktop2,2021-12-01 21:43:47,72.0,54.99,0.0,67.76,71.44,7.6,51.99
00:15:5d:30:7f:82,desktop2,2021-12-01 21:43:53,89.0,54.36,0.0,67.76,71.44,7.59,52.05
00:15:5d:30:7f:82,desktop2,2021-12-01 21:43:58,66.0,68.55,0.0,67.75,71.44,7.59,52.05
00:15:5d:30:7f:82,desktop2,2021-12-01 21:44:26,90.0,58.73,0.0,67.75,71.44,7.58,52.05
00:15:5d:30:7f:82,desktop2,2021-12-01 21:44:31,81.0,75.56,0.0,67.75,71.44,7.53,52.43
00:15:5d:30:7f:82,desktop2,2021-12-01 21:44:37,51.0,50.19,0.0,67.75,71.44,7.59,52.05
00:15:5d:30:7f:82,desktop2,2021-12-01 21:44:42,66.0,46.0,0.0,67.75,71.44,7.6,51.99
00:15:5d:30:7f:82,desktop2,2021-12-01 21:45:11,90.0,55.57,0.0,67.75,71.44,7.75,51.17
00:15:5d:30:7f:82,desktop2,2021-12-01 21:45:16,66.0,52.28,0.0,67.75,71.44,7.73,51.17
00:15:5d:30:7f:82,desktop2,2021-12-01 21:45:21,66.0,52.41,0.0,67.75,71.44,7.73,51.17
00:15:5d:30:7f:82,desktop2,2021-12-02 20:10:45,66.0,64.38,0.0,70.72,70.19,8.18,48.39
00:15:5d:30:7f:82,desktop2,2021-12-02 20:10:51,90.0,66.97,0.0,70.72,70.19,8.15,48.52
00:15:5d:30:7f:82,desktop2,2021-12-02 20:10:56,86.0,58.75,0.0,70.72,70.19,8.14,48.58
00:15:5d:30:7f:82,desktop2,2021-12-02 20:11:00,90.0,77.65,0.0,70.72,70.19,8.14,48.58
00:15:5d:30:7f:82,desktop2,2021-12-02 20:11:28,90.0,97.24,0.0,70.72,70.19,8.0,49.4
00:15:5d:30:7f:82,desktop2,2021-12-02 20:11:33,90.0,87.31,0.0,70.72,70.19,8.01,49.4
00:15:5d:30:7f:82,desktop2,2021-12-02 20:11:38,90.0,97.2,0.0,70.72,70.19,8.09,48.89
00:15:5d:30:7f:82,desktop2,2021-12-02 20:11:43,90.0,94.15,0.0,70.72,70.19,8.08,48.96
00:15:5d:30:7f:82,desktop2,2021-12-02 20:12:12,81.0,72.02,0.0,70.72,70.19,8.06,49.08
00:15:5d:30:7f:82,desktop2,2021-12-02 20:12:16,80.0,81.62,0.0,70.72,70.19,8.07,49.02
00:15:5d:30:7f:82,desktop2,2021-12-02 20:12:21,81.0,76.33,0.0,70.72,70.19,8.05,49.15
00:15:5d:30:7f:82,desktop2,2021-12-02 20:12:25,80.0,73.31,0.0,70.72,70.19,8.03,49.27
00:15:5d:30:7f:82,desktop2,2021-12-02 20:12:53,78.0,74.24,0.0,70.71,70.19,7.99,49.53
00:15:5d:30:7f:82,desktop2,2021-12-02 20:12:58,81.0,72.77,0.0,70.71,70.19,7.98,49.59
00:15:5d:30:7f:82,desktop2,2021-12-02 20:13:03,79.0,80.86,0.0,70.71,70.19,7.98,49.59
00:15:5d:30:7f:82,desktop2,2021-12-02 20:13:07,81.0,74.24,0.0,70.71,70.19,7.97,49.65
00:15:5d:30:7f:82,desktop2,2021-12-02 20:13:35,85.0,75.9,0.0,70.71,70.19,7.96,49.72
00:15:5d:30:7f:82,desktop2,2021-12-02 20:13:40,77.0,71.97,0.0,70.71,70.19,7.96,49.72
00:15:5d:30:7f:82,desktop2,2021-12-02 20:13:44,80.0,78.58,0.0,70.71,70.19,7.96,49.72
00:15:5d:30:7f:82,desktop2,2021-12-02 20:13:49,79.0,72.93,0.0,70.71,70.19,7.95,49.78
00:15:5d:30:7f:82,desktop2,2021-12-02 20:14:17,80.0,73.7,0.0,70.71,70.19,8.13,48.64
00:15:5d:30:7f:82,desktop2,2021-12-02 20:14:21,79.0,74.22,0.0,70.71,70.19,8.09,48.77
00:15:5d:30:7f:82,desktop2,2021-12-02 20:14:26,90.0,91.1,0.0,70.71,70.19,7.72,51.23
00:15:5d:30:7f:82,desktop2,2021-12-02 20:14:31,90.0,66.08,0.0,70.71,70.19,7.81,50.66
00:15:5d:30:7f:82,desktop2,2021-12-02 20:14:58,90.0,75.18,0.0,70.71,70.19,7.85,50.35
00:15:5d:30:7f:82,desktop2,2021-12-02 20:15:03,90.0,69.88,0.0,70.71,70.19,7.86,50.35
00:15:5d:30:7f:82,desktop2,2021-12-02 20:15:07,66.0,68.86,0.0,70.71,70.19,7.9,50.03
00:15:5d:30:7f:82,desktop2,2021-12-02 20:15:11,65.0,63.09,0.0,70.71,70.19,7.92,49.97
00:15:5d:30:7f:82,desktop2,2021-12-02 20:15:39,90.0,53.66,0.0,70.69,70.2,7.74,51.11
00:15:5d:30:7f:82,desktop2,2021-12-02 20:15:43,90.0,43.66,0.0,70.69,70.2,7.76,50.92
00:15:5d:30:7f:82,desktop2,2021-12-02 20:15:47,90.0,41.93,0.0,70.69,70.2,7.77,50.92
00:15:5d:30:7f:82,desktop2,2021-12-02 20:15:51,90.0,42.02,0.0,70.69,70.2,7.79,50.73
00:15:5d:30:7f:82,desktop2,2021-12-02 20:16:17,90.0,38.81,0.0,70.69,70.2,7.8,50.73
00:15:5d:30:7f:82,desktop2,2021-12-02 20:16:22,90.0,44.24,0.0,70.69,70.2,7.79,50.79
00:15:5d:30:7f:82,desktop2,2021-12-02 20:16:26,90.0,39.41,0.0,70.69,70.2,7.78,50.85
00:15:5d:30:7f:82,desktop2,2021-12-02 20:16:30,90.0,40.95,0.0,70.69,70.2,7.77,50.79
00:15:5d:30:7f:82,desktop2,2021-12-02 20:16:56,90.0,28.1,0.0,70.69,70.2,7.75,51.04
00:15:5d:30:7f:82,desktop2,2021-12-02 20:17:00,90.0,27.13,0.0,70.69,70.2,7.75,51.04
00:15:5d:30:7f:82,desktop2,2021-12-02 20:17:04,90.0,29.19,0.0,70.69,70.2,7.75,50.98
00:15:5d:30:7f:82,desktop2,2021-12-02 20:17:08,90.0,30.6,0.0,70.69,70.2,7.73,51.17
00:15:5d:30:7f:82,desktop2,2021-12-02 20:17:35,90.0,28.79,0.0,70.69,70.2,7.78,50.79
00:15:5d:30:7f:82,desktop2,2021-12-02 20:17:39,90.0,32.68,0.0,70.69,70.2,7.74,51.11
00:15:5d:30:7f:82,desktop2,2021-12-02 20:17:43,90.0,57.3,0.0,70.69,70.2,7.71,51.3
00:15:5d:30:7f:82,desktop2,2021-12-02 20:17:47,90.0,49.81,0.0,70.7,70.2,7.66,51.61
00:15:5d:30:7f:82,desktop2,2021-12-02 20:18:13,90.0,20.64,0.0,70.7,70.2,7.72,51.17
00:15:5d:30:7f:82,desktop2,2021-12-02 20:18:17,90.0,24.03,0.0,70.7,70.2,7.75,50.98
00:15:5d:30:7f:82,desktop2,2021-12-02 20:18:21,90.0,20.61,0.0,70.7,70.2,7.76,50.98
00:15:5d:30:7f:82,desktop2,2021-12-02 20:18:25,90.0,32.5,0.0,70.7,70.2,7.71,51.3
00:15:5d:30:7f:82,desktop2,2021-12-02 20:18:51,90.0,39.04,0.0,70.7,70.2,7.59,52.05
00:15:5d:30:7f:82,desktop2,2021-12-02 20:18:55,90.0,37.7,0.0,70.7,70.2,7.56,52.24
00:15:5d:30:7f:82,desktop2,2021-12-02 20:18:59,90.0,33.83,0.0,70.69,70.2,7.98,49.59
00:15:5d:30:7f:82,desktop2,2021-12-02 20:19:03,90.0,36.41,0.0,70.69,70.2,8.34,47.32
00:15:5d:30:7f:82,desktop2,2021-12-02 20:19:28,90.0,80.12,0.0,70.69,70.2,8.28,47.63
00:15:5d:30:7f:82,desktop2,2021-12-02 20:19:33,90.0,74.43,0.0,70.69,70.2,8.16,48.39
00:15:5d:30:7f:82,desktop2,2021-12-02 20:19:37,90.0,99.61,0.0,70.69,70.2,8.15,48.45
00:15:5d:30:7f:82,desktop2,2021-12-02 20:19:42,90.0,96.66,0.0,70.69,70.2,8.1,48.83
00:15:5d:30:7f:82,desktop2,2021-12-02 20:20:09,90.0,77.71,0.0,70.69,70.2,8.18,48.33
00:15:5d:30:7f:82,desktop2,2021-12-02 20:20:13,90.0,92.8,0.0,70.69,70.2,8.09,48.83
00:15:5d:30:7f:82,desktop2,2021-12-02 20:20:17,90.0,89.37,0.0,70.69,70.2,8.15,48.52
00:15:5d:30:7f:82,desktop2,2021-12-02 20:20:21,90.0,76.5,0.0,70.69,70.2,8.08,49.02
00:15:5d:30:7f:82,desktop2,2021-12-02 20:20:50,90.0,77.09,0.0,70.69,70.2,7.65,51.67
00:15:5d:30:7f:82,desktop2,2021-12-02 20:20:54,90.0,79.61,0.0,70.69,70.2,7.69,51.42
00:15:5d:30:7f:82,desktop2,2021-12-02 20:20:58,90.0,92.29,0.0,70.69,70.2,7.65,51.61
00:15:5d:30:7f:82,desktop2,2021-12-02 20:21:02,90.0,69.24,0.0,70.69,70.2,7.69,51.42
00:15:5d:30:7f:82,desktop2,2021-12-02 20:21:29,90.0,97.14,0.0,70.69,70.2,7.65,51.67
00:15:5d:30:7f:82,desktop2,2021-12-02 20:21:34,90.0,78.79,0.0,70.69,70.2,7.73,51.11
00:15:5d:30:7f:82,desktop2,2021-12-02 20:21:38,90.0,91.91,0.0,70.69,70.2,7.68,51.48
00:15:5d:30:7f:82,desktop2,2021-12-02 20:21:42,90.0,76.88,0.0,70.69,70.2,7.74,51.11
00:15:5d:30:7f:82,desktop2,2021-12-02 20:22:10,90.0,91.1,0.0,70.69,70.2,7.58,52.05
00:15:5d:30:7f:82,desktop2,2021-12-02 20:22:14,90.0,82.7,0.0,70.69,70.2,7.7,51.3
00:15:5d:30:7f:82,desktop2,2021-12-02 20:22:18,90.0,73.85,0.0,70.69,70.2,7.68,51.42
00:15:5d:30:7f:82,desktop2,2021-12-02 20:22:22,90.0,57.68,0.0,70.69,70.2,7.69,51.42
00:15:5d:30:7f:82,desktop2,2021-12-02 20:22:49,90.0,55.11,0.0,70.69,70.2,7.71,51.3
00:15:5d:30:7f:82,desktop2,2021-12-02 20:22:53,90.0,34.81,0.0,70.69,70.2,7.69,51.42
00:15:5d:30:7f:82,desktop2,2021-12-02 20:22:57,90.0,48.66,0.0,70.69,70.2,7.69,51.42
00:15:5d:30:7f:82,desktop2,2021-12-02 20:23:01,90.0,19.24,0.0,70.69,70.2,7.76,51.04
00:15:5d:30:7f:82,desktop2,2021-12-02 20:23:27,90.0,62.48,0.0,70.69,70.2,7.77,50.92
00:15:5d:30:7f:82,desktop2,2021-12-02 20:23:33,90.0,60.38,0.0,70.69,70.2,7.73,51.17
00:15:5d:30:7f:82,desktop2,2021-12-02 20:23:37,90.0,23.52,0.0,70.69,70.2,7.75,51.04
00:15:5d:30:7f:82,desktop2,2021-12-02 20:23:41,90.0,23.87,0.0,70.69,70.2,7.75,51.04
00:15:5d:30:7f:82,desktop2,2021-12-02 20:24:07,90.0,69.52,0.0,70.68,70.21,7.61,51.93
00:15:5d:30:7f:82,desktop2,2021-12-02 20:24:14,90.0,88.07,0.0,70.69,70.2,7.68,51.48
00:15:5d:30:7f:82,desktop2,2021-12-02 20:24:18,90.0,78.99,0.0,70.69,70.2,7.68,51.48
00:15:5d:30:7f:82,desktop2,2021-12-02 20:24:23,90.0,38.83,0.0,70.69,70.2,7.68,51.48
00:15:5d:30:7f:82,desktop2,2021-12-02 20:24:50,90.0,81.63,0.0,70.68,70.21,7.71,51.3
00:15:5d:30:7f:82,desktop2,2021-12-02 20:24:54,90.0,91.46,0.0,70.68,70.21,7.63,51.8
00:15:5d:30:7f:82,desktop2,2021-12-02 20:24:58,90.0,89.03,0.0,70.68,70.21,7.61,51.93
00:15:5d:30:7f:82,desktop2,2021-12-02 20:25:02,90.0,56.05,0.0,70.69,70.2,7.6,51.93
00:15:5d:30:7f:82,desktop2,2021-12-02 20:25:30,90.0,65.08,0.0,70.68,70.21,7.79,50.79
00:15:5d:30:7f:82,desktop2,2021-12-02 20:25:34,90.0,64.41,0.0,70.68,70.21,7.76,50.98
00:15:5d:30:7f:82,desktop2,2021-12-02 20:25:41,90.0,55.03,0.0,70.68,70.21,7.77,50.85
00:15:5d:30:7f:82,desktop2,2021-12-02 20:25:45,90.0,63.3,0.0,70.68,70.21,7.78,50.85
00:15:5d:30:7f:82,desktop2,2021-12-02 20:26:11,90.0,93.16,0.0,70.68,70.21,7.73,51.17
00:15:5d:30:7f:82,desktop2,2021-12-02 20:26:16,90.0,99.43,0.0,70.68,70.21,7.8,50.73
00:15:5d:30:7f:82,desktop2,2021-12-02 20:26:21,90.0,94.04,0.0,70.68,70.21,7.66,51.55
00:15:5d:30:7f:82,desktop2,2021-12-02 20:26:26,90.0,72.54,0.0,70.68,70.21,7.67,51.55
00:15:5d:30:7f:82,desktop2,2021-12-02 20:26:53,90.0,28.67,0.0,70.68,70.21,7.67,51.55
00:15:5d:30:7f:82,desktop2,2021-12-02 20:26:57,90.0,33.79,0.0,70.68,70.21,7.68,51.48
00:15:5d:30:7f:82,desktop2,2021-12-02 20:27:01,90.0,39.21,0.0,70.68,70.21,7.63,51.8
00:15:5d:30:7f:82,desktop2,2021-12-02 20:27:05,90.0,73.29,0.0,70.68,70.21,7.52,52.5
00:15:5d:30:7f:82,desktop2,2021-12-02 20:27:32,90.0,19.42,0.0,70.68,70.21,7.58,52.12
00:15:5d:30:7f:82,desktop2,2021-12-02 20:27:36,90.0,17.71,0.0,70.68,70.21,7.6,51.99
00:15:5d:30:7f:82,desktop2,2021-12-02 20:27:40,90.0,18.89,0.0,70.68,70.21,7.61,51.93
00:15:5d:30:7f:82,desktop2,2021-12-02 20:27:44,90.0,23.62,0.0,70.68,70.21,7.55,52.24
00:15:5d:30:7f:82,desktop2,2021-12-02 20:28:09,90.0,27.09,0.0,70.68,70.21,7.48,52.75
00:15:5d:30:7f:82,desktop2,2021-12-02 20:28:13,90.0,33.83,0.0,70.68,70.21,7.42,53.13
00:15:5d:30:7f:82,desktop2,2021-12-02 20:28:17,90.0,24.25,0.0,70.68,70.21,7.44,52.94
00:15:5d:30:7f:82,desktop2,2021-12-02 20:28:21,90.0,12.61,0.0,70.68,70.21,7.5,52.62
00:15:5d:30:7f:82,desktop2,2021-12-02 20:28:47,90.0,49.07,0.0,70.68,70.21,7.52,52.5
00:15:5d:30:7f:82,desktop2,2021-12-02 20:28:51,90.0,23.66,0.0,70.68,70.21,7.48,52.75
00:15:5d:30:7f:82,desktop2,2021-12-02 20:28:55,90.0,40.39,0.0,70.68,70.21,7.49,52.68
00:15:5d:30:7f:82,desktop2,2021-12-02 20:28:59,90.0,72.7,0.0,70.68,70.21,7.43,53.06
00:15:5d:30:7f:82,desktop2,2021-12-02 20:29:26,90.0,95.89,0.0,70.67,70.21,7.39,53.19
00:15:5d:30:7f:82,desktop2,2021-12-02 20:29:31,90.0,86.92,0.0,70.67,70.21,7.43,53.0
00:15:5d:30:7f:82,desktop2,2021-12-02 20:29:35,90.0,93.54,0.0,70.67,70.21,7.24,54.33
00:15:5d:30:7f:82,desktop2,2021-12-02 20:29:40,90.0,96.02,0.0,70.67,70.21,7.23,54.39
00:15:5d:30:7f:82,desktop2,2021-12-02 20:30:08,90.0,100.0,0.0,70.68,70.21,7.33,53.76
00:15:5d:30:7f:82,desktop2,2021-12-02 20:30:13,90.0,87.32,0.0,70.68,70.21,7.34,53.57
00:15:5d:30:7f:82,desktop2,2021-12-02 20:30:17,90.0,47.29,0.0,70.67,70.21,7.33,53.7
00:15:5d:30:7f:82,desktop2,2021-12-02 20:30:21,90.0,72.54,0.0,70.67,70.21,7.32,53.76
00:15:5d:30:7f:82,desktop2,2021-12-02 20:30:48,90.0,94.12,0.0,70.67,70.21,7.41,53.13
00:15:5d:30:7f:82,desktop2,2021-12-02 20:30:52,90.0,97.24,0.0,70.67,70.21,7.44,52.94
00:15:5d:30:7f:82,desktop2,2021-12-02 20:30:57,90.0,87.13,0.0,70.67,70.21,7.39,53.25
00:15:5d:30:7f:82,desktop2,2021-12-02 20:31:01,90.0,82.51,0.0,70.67,70.21,7.37,53.38
00:15:5d:30:7f:82,desktop2,2021-12-02 20:31:28,90.0,56.25,0.0,70.67,70.21,7.25,54.2
00:15:5d:30:7f:82,desktop2,2021-12-02 20:31:32,90.0,45.55,0.0,70.67,70.21,7.28,54.01
00:15:5d:30:7f:82,desktop2,2021-12-02 20:31:36,90.0,56.16,0.0,70.67,70.21,7.3,53.89
00:15:5d:30:7f:82,desktop2,2021-12-02 20:31:40,90.0,64.03,0.0,70.67,70.21,7.3,53.89
00:15:5d:30:7f:82,desktop2,2021-12-02 20:32:06,90.0,88.03,0.0,70.67,70.21,7.33,53.7
00:15:5d:30:7f:82,desktop2,2021-12-02 20:32:10,90.0,58.71,0.0,70.67,70.21,7.37,53.44
00:15:5d:30:7f:82,desktop2,2021-12-02 20:32:15,90.0,73.68,0.0,70.67,70.21,7.4,53.19
00:15:5d:30:7f:82,desktop2,2021-12-02 20:32:19,90.0,56.36,0.0,70.67,70.21,7.39,53.25
00:15:5d:30:7f:82,desktop2,2021-12-02 20:32:45,90.0,84.14,0.0,70.67,70.21,7.4,53.25
00:15:5d:30:7f:82,desktop2,2021-12-02 20:32:49,90.0,74.16,0.0,70.67,70.21,7.33,53.7
00:15:5d:30:7f:82,desktop2,2021-12-02 20:32:53,90.0,92.42,0.0,70.67,70.21,7.25,54.14
00:15:5d:30:7f:82,desktop2,2021-12-02 20:32:58,90.0,89.39,0.0,70.67,70.21,7.28,54.01
00:15:5d:30:7f:82,desktop2,2021-12-02 20:33:24,90.0,39.21,0.0,70.67,70.21,7.46,52.87
00:15:5d:30:7f:82,desktop2,2021-12-02 20:33:28,90.0,52.87,0.0,70.67,70.21,7.43,53.06
00:15:5d:30:7f:82,desktop2,2021-12-02 20:33:32,90.0,54.44,0.0,70.67,70.21,7.45,52.94
00:15:5d:30:7f:82,desktop2,2021-12-02 20:33:36,90.0,30.59,0.0,70.67,70.21,7.46,52.87
00:15:5d:30:7f:82,desktop2,2021-12-02 20:34:03,90.0,79.16,0.0,70.67,70.21,7.57,52.18
00:15:5d:30:7f:82,desktop2,2021-12-02 20:34:07,90.0,78.98,0.0,70.67,70.21,7.6,51.99
00:15:5d:30:7f:82,desktop2,2021-12-02 20:34:11,90.0,84.85,0.0,70.67,70.21,7.57,52.18
00:15:5d:30:7f:82,desktop2,2021-12-02 20:34:15,90.0,36.15,0.0,70.67,70.21,7.56,52.18
00:15:5d:30:7f:82,desktop2,2021-12-02 20:34:42,90.0,62.86,0.0,70.67,70.21,7.54,52.37
00:15:5d:30:7f:82,desktop2,2021-12-02 20:34:46,90.0,41.81,0.0,70.67,70.21,7.56,52.24
00:15:5d:30:7f:82,desktop2,2021-12-02 20:34:50,90.0,71.02,0.0,70.67,70.21,7.55,52.31
00:15:5d:30:7f:82,desktop2,2021-12-02 20:34:54,90.0,62.87,0.0,70.67,70.21,7.54,52.37
00:15:5d:30:7f:82,desktop2,2021-12-02 20:35:20,90.0,62.87,0.0,70.67,70.21,7.44,53.0
00:15:5d:30:7f:82,desktop2,2021-12-02 20:35:24,90.0,62.3,0.0,70.67,70.21,7.37,53.44
00:15:5d:30:7f:82,desktop2,2021-12-02 20:35:29,90.0,78.45,0.0,70.67,70.21,7.52,52.5
00:15:5d:30:7f:82,desktop2,2021-12-02 20:35:37,90.0,96.58,0.0,70.67,70.21,7.51,52.56
00:15:5d:30:7f:82,desktop2,2021-12-02 20:36:05,90.0,84.23,0.0,70.67,70.21,7.49,52.68
00:15:5d:30:7f:82,desktop2,2021-12-02 20:36:09,90.0,89.98,0.0,70.67,70.21,7.5,52.62
00:15:5d:30:7f:82,desktop2,2021-12-02 20:36:14,90.0,89.96,0.0,70.67,70.21,7.46,52.87
00:15:5d:30:7f:82,desktop2,2021-12-02 20:36:18,90.0,75.97,0.0,70.67,70.21,7.47,52.81
00:15:5d:30:7f:82,desktop2,2021-12-02 20:36:44,90.0,74.05,0.0,70.67,70.21,7.53,52.43
00:15:5d:30:7f:82,desktop2,2021-12-02 20:36:49,90.0,72.93,0.0,70.67,70.21,7.56,52.24
00:15:5d:30:7f:82,desktop2,2021-12-02 20:36:54,90.0,89.6,0.0,70.67,70.21,7.56,52.18
00:15:5d:30:7f:82,desktop2,2021-12-02 20:36:58,90.0,53.38,0.0,70.67,70.21,7.56,52.24
00:15:5d:30:7f:82,desktop2,2021-12-02 20:37:25,90.0,58.65,0.0,70.67,70.21,7.6,51.99
00:15:5d:30:7f:82,desktop2,2021-12-02 20:37:29,90.0,48.47,0.0,70.67,70.21,7.58,52.12
00:15:5d:30:7f:82,desktop2,2021-12-02 20:37:33,90.0,46.82,0.0,70.67,70.21,7.59,52.05
00:15:5d:30:7f:82,desktop2,2021-12-02 20:37:37,90.0,57.06,0.0,70.67,70.21,7.61,51.93
00:15:5d:30:7f:82,desktop2,2021-12-02 20:38:04,90.0,34.34,0.0,70.67,70.21,7.62,51.86
00:15:5d:30:7f:82,desktop2,2021-12-02 20:38:08,90.0,36.87,0.0,70.67,70.21,7.61,51.93
00:15:5d:30:7f:82,desktop2,2021-12-02 20:38:12,90.0,42.67,0.0,70.67,70.21,7.6,51.99
00:15:5d:30:7f:82,desktop2,2021-12-02 20:38:16,90.0,39.41,0.0,70.67,70.21,7.61,51.86
00:15:5d:30:7f:82,desktop2,2021-12-02 20:38:42,90.0,45.63,0.0,70.66,70.21,7.53,52.43
00:15:5d:30:7f:82,desktop2,2021-12-02 20:38:46,90.0,47.89,0.0,70.66,70.21,7.53,52.43
00:15:5d:30:7f:82,desktop2,2021-12-02 20:38:50,90.0,31.55,0.0,70.66,70.21,7.51,52.56
00:15:5d:30:7f:82,desktop2,2021-12-02 20:38:54,90.0,42.6,0.0,70.66,70.21,7.5,52.56
00:15:5d:30:7f:82,desktop2,2021-12-02 20:39:20,90.0,25.99,0.0,70.66,70.21,7.65,51.67
00:15:5d:30:7f:82,desktop2,2021-12-02 20:39:24,90.0,19.88,0.0,70.66,70.21,7.65,51.61
00:15:5d:30:7f:82,desktop2,2021-12-02 20:39:27,90.0,23.69,0.0,70.66,70.21,7.63,51.8
00:15:5d:30:7f:82,desktop2,2021-12-02 20:39:31,90.0,20.73,0.0,70.66,70.21,7.64,51.74
00:15:5d:30:7f:82,desktop2,2021-12-02 20:39:58,90.0,22.49,0.0,70.66,70.21,7.58,52.05
00:15:5d:30:7f:82,desktop2,2021-12-02 20:40:02,90.0,21.33,0.0,70.66,70.21,7.6,51.99
00:15:5d:30:7f:82,desktop2,2021-12-02 20:40:06,90.0,24.92,0.0,70.66,70.21,7.59,52.05
00:15:5d:30:7f:82,desktop2,2021-12-02 20:40:10,90.0,56.72,0.0,70.66,70.21,7.48,52.68
00:15:5d:30:7f:82,desktop2,2021-12-02 20:40:37,90.0,55.38,0.0,70.66,70.21,7.36,53.51
00:15:5d:30:7f:82,desktop2,2021-12-02 20:40:41,90.0,46.75,0.0,70.66,70.21,7.34,53.63
00:15:5d:30:7f:82,desktop2,2021-12-02 20:40:45,90.0,43.01,0.0,70.66,70.21,7.36,53.51
00:15:5d:30:7f:82,desktop2,2021-12-02 20:40:49,90.0,60.6,0.0,70.66,70.21,7.37,53.38
00:15:5d:30:7f:82,desktop2,2021-12-02 20:41:16,90.0,52.51,0.0,70.66,70.21,7.52,52.5
00:15:5d:30:7f:82,desktop2,2021-12-02 20:41:20,90.0,39.22,0.0,70.66,70.21,7.53,52.43
00:15:5d:30:7f:82,desktop2,2021-12-02 20:41:24,90.0,30.87,0.0,70.66,70.21,7.52,52.5
00:15:5d:30:7f:82,desktop2,2021-12-02 20:41:28,90.0,55.57,0.0,70.66,70.21,7.52,52.43
00:15:5d:30:7f:82,desktop2,2021-12-02 20:41:54,90.0,51.16,0.0,70.66,70.21,7.6,51.99
00:15:5d:30:7f:82,desktop2,2021-12-02 20:41:59,90.0,42.62,0.0,70.66,70.21,7.6,51.99
00:15:5d:30:7f:82,desktop2,2021-12-02 20:42:03,90.0,44.59,0.0,70.66,70.21,7.59,52.05
00:15:5d:30:7f:82,desktop2,2021-12-02 20:42:07,90.0,73.91,0.0,70.66,70.21,7.55,52.31
00:15:5d:30:7f:82,desktop2,2021-12-02 20:42:34,90.0,57.38,0.0,70.66,70.21,7.56,52.24
00:15:5d:30:7f:82,desktop2,2021-12-02 20:42:38,90.0,49.63,0.0,70.66,70.21,7.47,52.75
00:15:5d:30:7f:82,desktop2,2021-12-02 20:42:42,90.0,30.58,0.0,70.66,70.21,7.49,52.68
00:15:5d:30:7f:82,desktop2,2021-12-02 20:42:46,90.0,36.5,0.0,70.66,70.21,7.46,52.87
00:15:5d:30:7f:82,desktop2,2021-12-02 20:43:12,90.0,70.97,0.0,70.66,70.21,7.51,52.56
00:15:5d:30:7f:82,desktop2,2021-12-02 20:43:16,90.0,88.45,0.0,70.66,70.21,7.47,52.81
00:15:5d:30:7f:82,desktop2,2021-12-02 20:43:20,90.0,96.21,0.0,70.66,70.21,7.52,52.5
00:15:5d:30:7f:82,desktop2,2021-12-02 20:43:25,90.0,80.97,0.0,70.66,70.21,7.43,53.06
00:15:5d:30:7f:82,desktop2,2021-12-02 20:43:51,90.0,51.32,0.0,70.66,70.21,7.5,52.62
00:15:5d:30:7f:82,desktop2,2021-12-02 20:43:55,90.0,24.6,0.0,70.66,70.21,7.49,52.62
00:15:5d:30:7f:82,desktop2,2021-12-02 20:43:59,90.0,21.57,0.0,70.66,70.21,7.51,52.56
00:15:5d:30:7f:82,desktop2,2021-12-02 20:44:03,90.0,48.46,0.0,70.66,70.21,7.72,51.23
00:15:5d:30:7f:82,desktop2,2021-12-02 20:44:29,90.0,68.46,0.0,70.66,70.21,7.71,51.3
00:15:5d:30:7f:82,desktop2,2021-12-02 20:44:33,90.0,54.36,0.0,70.66,70.21,7.74,51.11
00:15:5d:30:7f:82,desktop2,2021-12-02 20:44:37,90.0,64.21,0.0,70.66,70.21,7.69,51.42
00:15:5d:30:7f:82,desktop2,2021-12-02 20:44:41,90.0,56.25,0.0,70.66,70.21,7.68,51.48
00:15:5d:30:7f:82,desktop2,2021-12-02 20:45:08,90.0,63.48,0.0,70.66,70.21,7.66,51.61
00:15:5d:30:7f:82,desktop2,2021-12-02 20:45:12,90.0,48.1,0.0,70.66,70.21,7.67,51.55
00:15:5d:30:7f:82,desktop2,2021-12-02 20:45:16,90.0,73.68,0.0,70.66,70.21,7.65,51.61
00:15:5d:30:7f:82,desktop2,2021-12-02 20:45:20,90.0,75.36,0.0,70.66,70.21,7.67,51.55
00:15:5d:30:7f:82,desktop2,2021-12-02 20:45:48,90.0,99.07,0.0,70.66,70.21,7.61,51.86
00:15:5d:30:7f:82,desktop2,2021-12-02 20:45:52,90.0,81.82,0.0,70.66,70.21,7.59,52.18
00:15:5d:30:7f:82,desktop2,2021-12-02 20:45:57,90.0,97.73,0.0,70.66,70.21,7.63,51.8
00:15:5d:30:7f:82,desktop2,2021-12-02 20:46:01,90.0,90.19,0.0,70.66,70.21,7.59,52.05
00:15:5d:30:7f:82,desktop2,2021-12-02 20:46:28,90.0,85.22,0.0,70.64,70.22,7.51,52.56
00:15:5d:30:7f:82,desktop2,2021-12-02 20:46:36,90.0,70.47,0.0,70.64,70.22,7.52,52.5
00:15:5d:30:7f:82,desktop2,2021-12-02 20:46:40,90.0,92.24,0.0,70.64,70.22,7.46,52.87
00:15:5d:30:7f:82,desktop2,2021-12-02 20:46:44,90.0,97.77,0.0,70.64,70.22,7.48,52.75
00:15:5d:30:7f:82,desktop2,2021-12-02 20:47:13,90.0,59.8,0.0,70.64,70.22,7.6,51.99
00:15:5d:30:7f:82,desktop2,2021-12-02 20:47:17,90.0,52.84,0.0,70.64,70.22,7.61,51.86
00:15:5d:30:7f:82,desktop2,2021-12-02 20:47:21,90.0,46.6,0.0,70.64,70.22,7.62,51.8
00:15:5d:30:7f:82,desktop2,2021-12-02 20:47:25,90.0,51.51,0.0,70.64,70.22,7.61,51.93
00:15:5d:30:7f:82,desktop2,2021-12-02 20:47:51,90.0,57.0,0.0,70.64,70.22,7.61,51.93
00:15:5d:30:7f:82,desktop2,2021-12-02 20:47:56,90.0,50.58,0.0,70.64,70.22,7.58,52.12
00:15:5d:30:7f:82,desktop2,2021-12-02 20:48:00,90.0,54.23,0.0,70.64,70.22,7.74,50.98
00:15:5d:30:7f:82,desktop2,2021-12-02 20:48:04,90.0,46.58,0.0,70.64,70.22,7.77,50.92
00:15:5d:30:7f:82,desktop2,2021-12-02 20:48:30,90.0,48.5,0.0,70.64,70.22,7.75,51.04
00:15:5d:30:7f:82,desktop2,2021-12-02 20:48:34,90.0,54.83,0.0,70.64,70.22,7.75,51.04
00:15:5d:30:7f:82,desktop2,2021-12-02 20:48:38,90.0,43.28,0.0,70.64,70.22,7.76,50.98
00:15:5d:30:7f:82,desktop2,2021-12-02 20:48:42,90.0,48.07,0.0,70.64,70.22,7.76,50.98
00:15:5d:30:7f:82,desktop2,2021-12-02 20:49:08,90.0,51.13,0.0,70.63,70.23,7.9,50.09
00:15:5d:30:7f:82,desktop2,2021-12-02 20:49:12,90.0,56.34,0.0,70.64,70.22,7.9,50.03
00:15:5d:30:7f:82,desktop2,2021-12-02 20:49:16,90.0,53.22,0.0,70.64,70.22,7.9,50.09
00:15:5d:30:7f:82,desktop2,2021-12-02 20:49:20,90.0,52.68,0.0,70.64,70.22,7.89,50.16
00:15:5d:30:7f:82,desktop2,2021-12-02 20:49:47,90.0,52.47,0.0,70.63,70.23,7.9,50.09
00:15:5d:30:7f:82,desktop2,2021-12-02 20:49:51,90.0,52.3,0.0,70.64,70.22,7.89,50.16
00:15:5d:30:7f:82,desktop2,2021-12-02 20:49:55,90.0,56.08,0.0,70.64,70.22,7.9,50.09
00:15:5d:30:7f:82,desktop2,2021-12-02 20:49:59,90.0,56.23,0.0,70.64,70.22,7.88,50.22
00:15:5d:30:7f:82,desktop2,2021-12-02 20:50:26,90.0,59.67,0.0,70.63,70.23,7.82,50.6
00:15:5d:30:7f:82,desktop2,2021-12-02 20:50:30,90.0,48.11,0.0,70.64,70.22,7.83,50.54
00:15:5d:30:7f:82,desktop2,2021-12-02 20:50:34,90.0,54.41,0.0,70.64,70.22,7.84,50.47
00:15:5d:30:7f:82,desktop2,2021-12-02 20:50:38,90.0,55.22,0.0,70.64,70.22,7.83,50.54
00:15:5d:30:7f:82,desktop2,2021-12-02 20:51:04,90.0,54.63,0.0,70.64,70.22,7.91,50.03
00:15:5d:30:7f:82,desktop2,2021-12-02 20:51:09,90.0,55.57,0.0,70.64,70.22,7.92,49.97
00:15:5d:30:7f:82,desktop2,2021-12-02 20:51:13,90.0,70.56,0.0,70.64,70.22,7.95,49.78
00:15:5d:30:7f:82,desktop2,2021-12-02 20:51:17,90.0,76.62,0.0,70.64,70.22,7.91,50.03
00:15:5d:30:7f:82,desktop2,2021-12-02 20:51:43,90.0,79.04,0.0,70.64,70.22,7.93,49.84
00:15:5d:30:7f:82,desktop2,2021-12-02 20:51:47,90.0,64.78,0.0,70.64,70.22,7.96,49.72
00:15:5d:30:7f:82,desktop2,2021-12-02 20:51:51,90.0,60.0,0.0,70.64,70.22,7.96,49.72
00:15:5d:30:7f:82,desktop2,2021-12-02 20:51:56,90.0,60.42,0.0,70.64,70.22,7.95,49.78
00:15:5d:30:7f:82,desktop2,2021-12-02 20:52:22,90.0,52.84,0.0,70.64,70.22,7.98,49.59
00:15:5d:30:7f:82,desktop2,2021-12-02 20:52:26,90.0,62.7,0.0,70.64,70.22,7.97,49.65
00:15:5d:30:7f:82,desktop2,2021-12-02 20:52:30,90.0,79.34,0.0,70.64,70.22,7.98,49.53
00:15:5d:30:7f:82,desktop2,2021-12-02 20:52:34,90.0,69.62,0.0,70.64,70.22,7.97,49.65
00:15:5d:30:7f:82,desktop2,2021-12-02 20:53:00,90.0,28.98,0.0,70.64,70.22,8.01,49.4
00:15:5d:30:7f:82,desktop2,2021-12-02 20:53:04,90.0,30.46,0.0,70.64,70.22,8.02,49.34
00:15:5d:30:7f:82,desktop2,2021-12-02 20:53:08,90.0,30.97,0.0,70.64,70.22,8.01,49.4
00:15:5d:30:7f:82,desktop2,2021-12-02 20:53:12,90.0,31.91,0.0,70.64,70.22,8.01,49.4
00:15:5d:30:7f:82,desktop2,2021-12-02 20:53:38,90.0,43.86,0.0,70.64,70.22,7.97,49.65
00:15:5d:30:7f:82,desktop2,2021-12-02 20:53:42,90.0,46.93,0.0,70.64,70.22,7.98,49.65
00:15:5d:30:7f:82,desktop2,2021-12-02 20:53:46,90.0,38.86,0.0,70.64,70.22,7.98,49.59
00:15:5d:30:7f:82,desktop2,2021-12-02 20:53:50,90.0,29.8,0.0,70.64,70.22,7.97,49.59
00:15:5d:30:7f:82,desktop2,2021-12-02 20:54:16,90.0,47.3,0.0,70.64,70.22,8.19,48.26
00:15:5d:30:7f:82,desktop2,2021-12-02 20:54:20,90.0,44.81,0.0,70.64,70.22,8.15,48.52
00:15:5d:30:7f:82,desktop2,2021-12-02 20:54:24,90.0,36.72,0.0,70.64,70.22,8.14,48.52
00:15:5d:30:7f:82,desktop2,2021-12-02 20:54:28,90.0,18.27,0.0,70.64,70.22,8.16,48.45
00:15:5d:30:7f:82,desktop2,2021-12-02 20:54:55,90.0,17.51,0.0,70.64,70.22,8.13,48.64
00:15:5d:30:7f:82,desktop2,2021-12-02 20:54:59,90.0,42.68,0.0,70.64,70.22,8.13,48.64
00:15:5d:30:7f:82,desktop2,2021-12-02 20:55:02,90.0,49.62,0.0,70.64,70.22,8.13,48.58
00:15:5d:30:7f:82,desktop2,2021-12-02 20:55:06,90.0,36.74,0.0,70.64,70.22,8.14,48.58
00:15:5d:30:7f:82,desktop2,2021-12-02 20:55:33,90.0,46.63,0.0,70.64,70.22,8.1,48.83
00:15:5d:30:7f:82,desktop2,2021-12-02 20:55:37,90.0,51.35,0.0,70.64,70.22,8.1,48.77
00:15:5d:30:7f:82,desktop2,2021-12-02 20:55:41,90.0,80.88,0.0,70.64,70.22,8.13,48.64
00:15:5d:30:7f:82,desktop2,2021-12-02 20:55:45,90.0,85.81,0.0,70.64,70.22,8.09,48.83
00:15:5d:30:7f:82,desktop2,2021-12-02 20:56:12,90.0,99.62,0.0,70.63,70.23,7.92,49.91
00:15:5d:30:7f:82,desktop2,2021-12-02 20:56:16,90.0,61.16,0.0,70.63,70.23,7.97,49.65
00:15:5d:30:7f:82,desktop2,2021-12-02 20:56:20,90.0,77.85,0.0,70.63,70.23,7.97,49.65
00:15:5d:30:7f:82,desktop2,2021-12-01 21:04:47,90.0,50.37,0.0,67.92,71.37,7.32,53.7
00:15:5d:30:7f:82,desktop2,2021-12-01 21:04:53,90.0,69.5,0.0,67.92,71.37,7.23,54.26
00:15:5d:30:7f:82,desktop2,2021-12-01 21:04:59,65.0,70.08,0.0,67.92,71.37,7.28,54.01
00:15:5d:30:7f:82,desktop2,2021-12-01 21:05:04,90.0,71.08,0.0,67.92,71.37,7.24,54.26
00:15:5d:30:7f:82,desktop2,2021-12-01 21:05:32,42.0,55.79,0.0,67.92,71.37,7.32,53.7
00:15:5d:30:7f:82,desktop2,2021-12-01 21:05:38,57.0,47.74,0.0,67.92,71.37,7.29,53.89
00:15:5d:30:7f:82,desktop2,2021-12-01 21:05:44,90.0,52.23,0.0,67.92,71.37,7.23,54.26
00:15:5d:30:7f:82,desktop2,2021-12-01 21:05:49,42.0,52.65,0.0,67.92,71.37,7.24,54.2
00:15:5d:30:7f:82,desktop2,2021-12-01 21:06:18,42.0,56.91,0.0,67.92,71.37,7.24,54.26
00:15:5d:30:7f:82,desktop2,2021-12-01 21:06:24,87.0,59.15,0.0,67.92,71.37,7.15,54.77
00:15:5d:30:7f:82,desktop2,2021-12-01 21:06:29,90.0,49.62,0.0,67.92,71.37,7.19,54.58
00:15:5d:30:7f:82,desktop2,2021-12-01 21:06:35,68.0,43.1,0.0,67.92,71.37,7.03,55.53
00:15:5d:30:7f:82,desktop2,2021-12-01 21:07:04,89.0,21.82,0.0,67.92,71.37,7.11,55.09
00:15:5d:30:7f:82,desktop2,2021-12-01 21:07:09,66.0,35.25,0.0,67.92,71.37,7.08,55.27
00:15:5d:30:7f:82,desktop2,2021-12-01 21:07:15,42.0,34.73,0.0,67.92,71.37,7.1,55.09
00:15:5d:30:7f:82,desktop2,2021-12-01 21:07:20,51.0,36.67,0.0,67.92,71.37,7.11,55.09
00:15:5d:30:7f:82,desktop2,2021-12-01 21:07:49,90.0,39.37,0.0,67.92,71.37,7.12,55.02
00:15:5d:30:7f:82,desktop2,2021-12-01 21:07:55,66.0,56.91,0.0,67.92,71.37,7.13,54.96
00:15:5d:30:7f:82,desktop2,2021-12-01 21:08:00,90.0,53.9,0.0,67.92,71.37,7.13,54.96
00:15:5d:30:7f:82,desktop2,2021-12-01 21:08:06,42.0,54.46,0.0,67.92,71.37,7.11,55.15
00:15:5d:30:7f:82,desktop2,2021-12-01 21:08:34,75.0,19.94,0.0,67.92,71.37,7.13,54.9
00:15:5d:30:7f:82,desktop2,2021-12-01 21:08:40,57.0,23.86,0.0,67.92,71.37,7.09,55.15
00:15:5d:30:7f:82,desktop2,2021-12-01 21:08:46,61.0,41.88,0.0,67.92,71.37,7.13,54.96
00:15:5d:30:7f:82,desktop2,2021-12-01 21:08:51,42.0,47.19,0.0,67.92,71.37,7.12,54.96
00:15:5d:30:7f:82,desktop2,2021-12-01 21:09:20,42.0,54.02,0.0,67.92,71.37,7.07,55.34
00:15:5d:30:7f:82,desktop2,2021-12-01 21:09:26,66.0,40.69,0.0,67.92,71.37,7.08,55.21
00:15:5d:30:7f:82,desktop2,2021-12-01 21:09:31,88.0,40.25,0.0,67.92,71.37,7.12,54.96
00:15:5d:30:7f:82,desktop2,2021-12-01 21:09:37,37.0,50.36,0.0,67.92,71.37,7.11,55.15
00:15:5d:30:7f:82,desktop2,2021-12-01 21:10:06,61.0,59.27,0.0,67.92,71.37,7.34,53.63
00:15:5d:30:7f:82,desktop2,2021-12-01 21:10:11,73.0,57.1,0.0,67.92,71.37,7.33,53.7
00:15:5d:30:7f:82,desktop2,2021-12-01 21:10:17,90.0,71.77,0.0,67.92,71.37,7.15,54.83
00:15:5d:30:7f:82,desktop2,2021-12-01 21:10:22,90.0,39.05,0.0,67.92,71.37,7.2,54.64
00:15:5d:30:7f:82,desktop2,2021-12-01 21:10:50,66.0,39.89,0.0,67.92,71.37,7.21,54.45
00:15:5d:30:7f:82,desktop2,2021-12-01 21:10:55,42.0,52.42,0.0,67.92,71.37,7.21,54.39
00:15:5d:30:7f:82,desktop2,2021-12-01 21:11:01,42.0,34.46,0.0,67.92,71.37,7.19,54.58
00:15:5d:30:7f:82,desktop2,2021-12-01 21:11:06,88.0,51.97,0.0,67.92,71.37,7.17,54.71
00:15:5d:30:7f:82,desktop2,2021-12-01 21:11:35,42.0,35.1,0.0,67.92,71.37,7.18,54.58
00:15:5d:30:7f:82,desktop2,2021-12-01 21:11:41,51.0,42.27,0.0,67.92,71.37,7.16,54.77
00:15:5d:30:7f:82,desktop2,2021-12-01 21:11:46,42.0,25.37,0.0,67.92,71.37,7.2,54.52
00:15:5d:30:7f:82,desktop2,2021-12-01 21:11:52,37.0,48.54,0.0,67.92,71.37,7.18,54.64
00:15:5d:30:7f:82,desktop2,2021-12-01 21:12:21,37.0,39.46,0.0,67.92,71.37,7.19,54.58
00:15:5d:30:7f:82,desktop2,2021-12-01 21:12:27,37.0,35.61,0.0,67.92,71.37,7.19,54.58
00:15:5d:30:7f:82,desktop2,2021-12-01 21:12:33,37.0,33.51,0.0,67.92,71.37,7.21,54.39
00:15:5d:30:7f:82,desktop2,2021-12-01 21:12:38,37.0,33.74,0.0,67.92,71.37,7.22,54.39
00:15:5d:30:7f:82,desktop2,2021-12-01 21:13:07,75.0,32.47,0.0,67.92,71.37,7.22,54.33
00:15:5d:30:7f:82,desktop2,2021-12-01 21:13:13,66.0,49.04,0.0,67.92,71.37,6.99,55.84
00:15:5d:30:7f:82,desktop2,2021-12-01 21:13:18,65.0,30.98,0.0,67.92,71.37,7.05,55.46
00:15:5d:30:7f:82,desktop2,2021-12-01 21:13:24,37.0,40.44,0.0,67.92,71.37,7.19,54.52
00:15:5d:30:7f:82,desktop2,2021-12-01 21:13:54,90.0,65.35,0.0,67.92,71.37,7.11,55.09
00:15:5d:30:7f:82,desktop2,2021-12-01 21:13:59,90.0,57.19,0.0,67.92,71.37,7.13,54.96
00:15:5d:30:7f:82,desktop2,2021-12-01 21:14:05,90.0,58.93,0.0,67.92,71.37,7.23,54.33
00:15:5d:30:7f:82,desktop2,2021-12-01 21:14:10,90.0,52.45,0.0,67.92,71.37,7.23,54.33
00:15:5d:30:7f:82,desktop2,2021-12-01 21:14:38,90.0,49.44,0.0,67.92,71.37,7.23,54.33
00:15:5d:30:7f:82,desktop2,2021-12-01 21:14:43,66.0,43.3,0.0,67.92,71.37,7.23,54.33
00:15:5d:30:7f:82,desktop2,2021-12-01 21:14:48,65.0,64.06,0.0,67.92,71.37,7.37,53.44
00:15:5d:30:7f:82,desktop2,2021-12-01 21:14:53,90.0,87.12,0.0,67.92,71.37,7.27,54.07
00:15:5d:30:7f:82,desktop2,2021-12-01 21:15:23,90.0,64.19,0.0,67.92,71.37,7.31,53.82
00:15:5d:30:7f:82,desktop2,2021-12-01 21:15:28,90.0,95.06,0.0,67.91,71.37,7.23,54.33
00:15:5d:30:7f:82,desktop2,2021-12-01 21:15:33,75.0,64.97,0.0,67.91,71.37,7.16,54.77
00:15:5d:30:7f:82,desktop2,2021-12-01 21:15:39,79.0,49.62,0.0,67.91,71.37,7.18,54.64
00:15:5d:30:7f:82,desktop2,2021-12-01 21:16:08,65.0,49.99,0.0,67.91,71.37,7.16,54.77
00:15:5d:30:7f:82,desktop2,2021-12-01 21:16:14,90.0,69.14,0.0,67.91,71.37,6.99,55.84
00:15:5d:30:7f:82,desktop2,2021-12-01 21:16:20,89.0,61.18,0.0,67.91,71.37,6.99,55.84
00:15:5d:30:7f:82,desktop2,2021-12-01 21:16:25,47.0,57.39,0.0,67.91,71.37,7.04,55.46
00:15:5d:30:7f:82,desktop2,2021-12-01 21:16:54,51.0,55.5,0.0,67.91,71.37,7.07,55.34
00:15:5d:30:7f:82,desktop2,2021-12-01 21:16:59,82.0,62.31,0.0,67.91,71.37,7.08,55.27
00:15:5d:30:7f:82,desktop2,2021-12-01 21:17:04,51.0,48.79,0.0,67.91,71.37,7.05,55.4
00:15:5d:30:7f:82,desktop2,2021-12-01 21:17:10,89.0,48.85,0.0,67.91,71.37,7.07,55.34
00:15:5d:30:7f:82,desktop2,2021-12-01 21:17:38,37.0,26.68,0.0,67.91,71.37,7.06,55.4
00:15:5d:30:7f:82,desktop2,2021-12-01 21:17:44,37.0,39.14,0.0,67.91,71.37,7.0,55.78
00:15:5d:30:7f:82,desktop2,2021-12-01 21:17:49,61.0,50.55,0.0,67.91,71.37,6.99,55.78
00:15:5d:30:7f:82,desktop2,2021-12-01 21:17:55,90.0,48.91,0.0,67.91,71.37,7.01,55.65
00:15:5d:30:7f:82,desktop2,2021-12-01 21:18:23,70.0,54.34,0.0,67.69,71.47,7.03,55.53
00:15:5d:30:7f:82,desktop2,2021-12-01 21:18:28,90.0,66.28,0.0,67.69,71.47,6.97,55.91
00:15:5d:30:7f:82,desktop2,2021-12-01 21:18:33,90.0,58.39,0.0,67.69,71.47,7.01,55.72
00:15:5d:30:7f:82,desktop2,2021-12-01 21:18:38,90.0,77.87,0.0,67.69,71.47,7.02,55.65
00:15:5d:30:7f:82,desktop2,2021-12-01 21:19:07,79.0,41.16,0.0,67.69,71.47,7.11,55.09
00:15:5d:30:7f:82,desktop2,2021-12-01 21:19:12,66.0,30.87,0.0,67.69,71.47,7.11,55.09
00:15:5d:30:7f:82,desktop2,2021-12-01 21:19:18,66.0,31.79,0.0,67.69,71.47,7.12,55.02
00:15:5d:30:7f:82,desktop2,2021-12-01 21:19:23,90.0,54.58,0.0,67.69,71.47,7.1,55.15
00:15:5d:30:7f:82,desktop2,2021-12-01 21:19:51,90.0,66.48,0.0,67.69,71.47,7.09,55.21
00:15:5d:30:7f:82,desktop2,2021-12-01 21:19:56,90.0,47.98,0.0,67.69,71.47,7.1,55.15
00:15:5d:30:7f:82,desktop2,2021-12-01 21:20:01,66.0,51.79,0.0,67.69,71.47,7.13,54.96
00:15:5d:30:7f:82,desktop2,2021-12-01 21:20:07,90.0,68.74,0.0,67.79,71.42,7.12,55.02
00:15:5d:30:7f:82,desktop2,2021-12-01 21:20:35,90.0,66.65,0.0,67.79,71.42,7.07,55.34
00:15:5d:30:7f:82,desktop2,2021-12-01 21:20:40,90.0,72.7,0.0,67.79,71.42,7.06,55.4
00:15:5d:30:7f:82,desktop2,2021-12-01 21:20:45,90.0,66.67,0.0,67.79,71.42,7.07,55.34
00:15:5d:30:7f:82,desktop2,2021-12-01 21:20:51,90.0,59.46,0.0,67.79,71.42,6.98,55.91
00:15:5d:30:7f:82,desktop2,2021-12-01 21:21:18,42.0,78.41,0.0,67.78,71.43,6.96,56.03
00:15:5d:30:7f:82,desktop2,2021-12-01 21:21:24,90.0,50.89,0.0,67.78,71.43,6.93,56.22
00:15:5d:30:7f:82,desktop2,2021-12-01 21:21:29,66.0,48.62,0.0,67.78,71.43,6.92,56.22
00:15:5d:30:7f:82,desktop2,2021-12-01 21:21:34,66.0,55.32,0.0,67.78,71.43,6.94,56.16
00:15:5d:30:7f:82,desktop2,2021-12-01 21:22:03,90.0,66.65,0.0,67.78,71.43,6.99,55.78
00:15:5d:30:7f:82,desktop2,2021-12-01 21:22:08,42.0,47.15,0.0,67.79,71.42,6.97,55.91
00:15:5d:30:7f:82,desktop2,2021-12-01 21:22:14,66.0,63.26,0.0,67.79,71.42,7.0,55.78
00:15:5d:30:7f:82,desktop2,2021-12-01 21:22:19,65.0,40.51,0.0,67.79,71.42,7.03,55.59
00:15:5d:30:7f:82,desktop2,2021-12-01 21:22:48,42.0,46.41,0.0,67.79,71.42,7.12,54.96
00:15:5d:30:7f:82,desktop2,2021-12-01 21:22:53,51.0,40.73,0.0,67.79,71.42,7.13,54.96
00:15:5d:30:7f:82,desktop2,2021-12-01 21:22:59,42.0,36.59,0.0,67.79,71.42,7.13,54.96
00:15:5d:30:7f:82,desktop2,2021-12-01 21:23:04,66.0,47.15,0.0,67.79,71.42,7.12,55.02
